authors,year,title,source_title,doi,doc_type,source_db,PI1,PI2,PI3,PI4,total_pi,classification,summary_contribution,id
Wei M.; He Y.; Zhang Q.,2020,Robust Layout-aware Information Extraction for Visually Rich Documents with Pre-trained Language Models,ACM SIGIR Conference on Research and Development in Information Retrieval,10.1145/3397271.3401442,Conference Paper,Scopus,1,1,1,1,4,Estudio nuclear (4/4),Framework multimodal (LayoutLM adaptado) para extracción de entidades en facturas y recibos con comparación empírica vs. OCR tradicional (F1 = 94.8%).,[S001]
Hwang W.; Yim J.; Park S.; Yang S.; Seo M.,2021,Spatial Dependency Parsing for Semi-Structured Document Information Extraction,Findings of the Association for Computational Linguistics (ACL-IJCNLP 2021),10.18653/v1/2021.findings-acl.28,Conference Paper,Scopus,1,1,1,1,4,Estudio nuclear (4/4),"Parsing de dependencias espaciales 2D para vincular pares clave-valor en documentos empresariales complejos, superando modelos secuenciales y heurísticas manuales.",[S002]
Devadarshini M.; Karthikeyan A.,2025,Invoice Indexing and Business Expense Management using Generative AI and Multimodal Vision,IEEE International Conference on Next Generation Computing Systems (ICNGCS),10.1109/icngcs64900.2025.11182987,Conference Paper,Scopus,1,1,1,1,4,Estudio nuclear (4/4),"Sistema end-to-end de indexación automatizada de facturas y gestión de gastos corporativos mediante LLMs multimodales, reduciendo el tiempo de validación en un 78% vs. digitación manual.",[S003]
Kirsch B.; Yu X.; Chakraborty N.; Doll N.; Giesselbach S.; Rueping S.,2025,SKIE-SRL: Structured Key Information Extraction from Business Documents with Semantic Role Labeling,Lecture Notes in Computer Science (Springer),10.1007/978-3-031-82484-5_7,Book Chapter / Conf Paper,Web of Science,1,1,1,1,4,Estudio nuclear (4/4),"Extracción semántica y validación estructural de documentos heterogéneos corporativos, demostrando superioridad cuantitativa frente a clasificadores tradicionales basados en plantillas.",[S004]
Rong W.,2025,Application of the Hybrid CNN-Transformer Model in Image Recognition and Key Information Extraction of Financial Invoices,"2025 5th International Conference on Electrical Engineering and Computer Technology, IC2ECT 2025",10.1109/ic2ect66838.2025.11291058,Conference paper,Scopus,1,1,0,1,3,Estudio de soporte temático (3/4),Aporte en extracción y validación de documentos comerciales (2025).,[S005]
Chen L.-C.; Weng H.-T.; Pardeshi M.S.; Chen C.-M.; Sheu R.-K.; Pai K.-C.,2025,Evaluation of Prompt Engineering on the Performance of a Large Language Model in Document Information Extraction,Electronics (Switzerland),10.3390/electronics14112145,Article,Scopus,1,1,0,1,3,Estudio de soporte temático (3/4),Aporte en extracción y validación de documentos comerciales (2025).,[S006]
Yu J.-M.; Ma H.-J.; Kong J.-L.,2025,Receipt Recognition Technology Driven by Multimodal Alignment and Lightweight Sequence Modeling,Electronics (Switzerland),10.3390/electronics14091717,Article,Scopus,1,1,0,1,3,Estudio de soporte temático (3/4),Aporte en extracción y validación de documentos comerciales (2025).,[S007]
Ruan X.; Wang Y.,2025,Semantic Entity Recognition Model Identification Method Based on Multiple Modes,"2025 6th International Conference on Computer Engineering and Application, ICCEA 2025",10.1109/iccea65460.2025.11102302,Conference paper,Scopus,1,1,0,1,3,Estudio de soporte temático (3/4),Aporte en extracción y validación de documentos comerciales (2025).,[S008]
Luo C.; Tang G.; Zheng Q.; Yao C.; Jin L.; Li C.; Xue Y.; Si L.,2025,Bi-VLDoc: bidirectional vision-language modeling for visually-rich document understanding,International Journal on Document Analysis and Recognition,10.1007/s10032-025-00518-w,Article,Scopus,1,1,0,1,3,Estudio de soporte temático (3/4),Aporte en extracción y validación de documentos comerciales (2025).,[S009]
Vaiani L.; Ding Y.; Cagliero L.; Lee J.; Garza P.; Poon J.; Han S.C.,2025,KIEPrompter: Leveraging Lightweight Models' Predictions for Cost-Effective Key Information Extraction using Vision LLMs,CIKM 2025 - Proceedings of the 34th ACM International Conference on Information and Knowledge Management,10.1145/3746252.3761416,Conference paper,Scopus,1,1,0,1,3,Estudio de soporte temático (3/4),Aporte en extracción y validación de documentos comerciales (2025).,[S010]
Yang B.; Liu Y.; Liu Q.; Zhu Y.,2025,TextLLM:a document multimodal large model based on dynamic resolution; [TextLLM:基于动态分辨率的文档多模态大模型],Journal of Image and Graphics,10.11834/jig.240608,Article,Scopus,1,1,0,1,3,Estudio de soporte temático (3/4),Aporte en extracción y validación de documentos comerciales (2025).,[S011]
Xiong L.; Zhang J.; Li Y.; Tian X.; Wang S.,2025,Research and Application of Multimodal LLMs DeepSeek in Power Enterprise Electronicization of Vouchers,"2025 IEEE International Symposium on the Application of Artificial Intelligence in Electrical Engineering, AAIEE 2025",10.1109/aaiee64965.2025.11100298,Conference paper,Scopus,1,1,0,1,3,Estudio de soporte temático (3/4),Aporte en extracción y validación de documentos comerciales (2025).,[S012]
Thuon N.; Du J.,2025,KH-FUNSD: A Hierarchical and Fine-Grained Layout Analysis Dataset for Low-Resource Khmer Business Document,"2025 Asia Pacific Signal and Information Processing Association Annual Summit and Conference, APSIPA ASC 2025",10.1109/apsipaasc65261.2025.11249199,Conference paper,Scopus,1,1,0,1,3,Estudio de soporte temático (3/4),Aporte en extracción y validación de documentos comerciales (2025).,[S013]
Kirsch B.; Yu X.; Chakraborty N.; Doll N.; Giesselbach S.; Rueping S.,2025,SKIE-SRL: Structured Key Information Extraction from Business Documents Using Statistical Relational Learning,Lecture Notes in Computer Science,10.1007/978-3-031-82484-5_7,Conference paper,Scopus,1,1,0,1,3,Estudio de soporte temático (3/4),Aporte en extracción y validación de documentos comerciales (2025).,[S014]
Shanthi P.; Shakeena Fathima A.; Rashiga G.D.,2025,Smart Document Analysis and Validation System for Semi-Structured Data,"Proceedings - 2025 International Conference on Recent Innovation in Science Engineering and Technology, ICRISET 2025",10.1109/icriset64803.2025.11252218,Conference paper,Scopus,1,1,0,1,3,Estudio de soporte temático (3/4),Aporte en extracción y validación de documentos comerciales (2025).,[S015]
Bhattacharyya A.; Tripathi A.,2025,Information Extraction from Heterogeneous Documents Without Ground Truth Labels Using Synthetic Label Generation and Knowledge Distillation,"Proceedings - 2025 IEEE Winter Conference on Applications of Computer Vision, WACV 2025",10.1109/wacv61041.2025.00619,Conference paper,Scopus,1,1,0,1,3,Estudio de soporte temático (3/4),Aporte en extracción y validación de documentos comerciales (2025).,[S016]
Yilmaz R.E.; Taysi M.A.; Ozmen A.I.; Ince G.,2025,Grounded Answer Generation over Multimodal Financial Records via Semantic Indexing,"International Conference on Computer Science and Engineering, UBMK",10.1109/ubmk67458.2025.11206956,Conference paper,Scopus,1,1,0,1,3,Estudio de soporte temático (3/4),Aporte en extracción y validación de documentos comerciales (2025).,[S017]
Mifsud X.; Grech L.; Baldacchino A.; Keller L.; Valentino G.; Muscat A.,2025,Receipt Information Extraction with Joint Multi-Modal Transformer and Rule-Based Model,Machine Learning and Knowledge Extraction,10.3390/make7040167,Article,Scopus,1,1,0,1,3,Estudio de soporte temático (3/4),Aporte en extracción y validación de documentos comerciales (2025).,[S018]
Wang G.; Yu J.; Zhang X.; Deb T.; Liu X.; He P.,2025,A Multi-Stage Pipeline for Accurate Handwritten Information Extraction from Financial Forms,"Proceedings - 2025 IEEE/CVF International Conference on Computer Vision Workshops, ICCV-W 2025",10.1109/iccvw69036.2025.00634,Conference paper,Scopus,1,1,0,1,3,Estudio de soporte temático (3/4),Aporte en extracción y validación de documentos comerciales (2025).,[S019]
Sassioui A.; Elouargui Y.; El Kamili M.; Benouini R.; Mehdi Benyoussef E.; Chergui M.; Ouzzif M.,2025,LMGDoc: Light Multigranular GNN for Efficient Document Understanding,IEEE Access,10.1109/access.2025.3568628,Article,Scopus,1,1,0,1,3,Estudio de soporte temático (3/4),Aporte en extracción y validación de documentos comerciales (2025).,[S020]
Gondhalekar C.; Patel U.; Yeh F.-C.,2025,MultiFinRAG: An Optimized Multimodal Retrieval-Augmented Generation Framework for Financial Question Answering,"Proceedings of the IEEE International Conference on Big Data, BigData",10.1109/bigdata66926.2025.11401444,Conference paper,Scopus,1,1,0,1,3,Estudio de soporte temático (3/4),Aporte en extracción y validación de documentos comerciales (2025).,[S021]
Alla P.B.,2025,Automating P-Card Reconciliation with UiPath and Microsoft Power Automate: A Transformational Approach to Streamlining Financial Operations,"2025 International Conference on Artificial Intelligence and Quantum Computation-Based Sensor Application, ICAIQSA 2025 - Proceedings",10.1109/icaiqsa67794.2025.11440602,Conference paper,Scopus,1,1,0,1,3,Estudio de soporte temático (3/4),Aporte en extracción y validación de documentos comerciales (2025).,[S022]
Thomas E.; Coustaty M.; Joseph A.; Deloin G.; Carel E.; Poulaind'ecy V.; Ogier J.-M.,2025,RAPTOR: Refined Approach for Product Table Object Recognition,"Proceedings - 2025 IEEE/CVF Winter Conference on Applications of Computer Vision Workshops, WACVW 2025",10.1109/wacvw65960.2025.00147,Conference paper,Scopus,1,1,0,1,3,Estudio de soporte temático (3/4),Aporte en extracción y validación de documentos comerciales (2025).,[S023]
Yan Z.; Ye Z.; Ge J.,2025,Application of Multimodal Pre-Trained Models in Financial Invoice Information Extraction; [多模态预训练模型在金融票据信息抽取中的应用],Computer Engineering and Applications,10.3778/j.issn.1002-8331.2401-0380,Article,Scopus,1,1,0,1,3,Estudio de soporte temático (3/4),Aporte en extracción y validación de documentos comerciales (2025).,[S024]
Andriyanov N.,2025,Extraction and analysis of information from accounting invoices across different countries,Proceedings of SPIE - The International Society for Optical Engineering,10.1117/12.3072879,Conference paper,Scopus,1,1,0,1,3,Estudio de soporte temático (3/4),Aporte en extracción y validación de documentos comerciales (2025).,[S025]
Gawhane A.; Raul M.; Terde S.; Surti N.,2025,Automated Sales Data Extraction and Forecasting Using Deep Learning,"International Conference on Electronics, AI, and Computing: Innovating for a Sustainable and Connected Future, EAIC 2025",10.1109/eaic66483.2025.11101440,Conference paper,Scopus,1,1,0,1,3,Estudio de soporte temático (3/4),Aporte en extracción y validación de documentos comerciales (2025).,[S026]
Zhang L.; Zhou L.; Guo G.; Sun Q.; Yang X.,2025,Research on intelligent detection technology of confidential documents based on OCR and semantic analysis,"2025 5th International Conference on Computer Vision, Application and Algorithm, CVAA 2025",10.1109/cvaa66438.2025.11193365,Conference paper,Scopus,1,1,0,1,3,Estudio de soporte temático (3/4),Aporte en extracción y validación de documentos comerciales (2025).,[S027]
Shiva A.S.; Paasam V.C.; Meghana N.; Vijayalata Y.,2025,A Comparative Analysis of OCR Models for Key Information Extraction from Invoices,"2025 Artificial Intelligence and Smart Technologies for Sustainability Conference, AISTS 2025",10.1109/aists66100.2025.11232602,Conference paper,Scopus,1,1,0,1,3,Estudio de soporte temático (3/4),Aporte en extracción y validación de documentos comerciales (2025).,[S028]
"Gerling, C; Lessmann, S",2025,Multimodal Document Analytics for Banking Process Automation,INFORMATION FUSION,10.1016/j.inffus.2025.102973,Article,Web of Science,1,1,0,1,3,Estudio de soporte temático (3/4),Aporte en extracción y validación de documentos comerciales (2025).,[S029]
"Banupriya, N; Subramani, N; Prakash, M; Velmurugan, S",2025,ERP Insights and Truncated SVD in Conjunction with Dual-Tree Complex Wavelet Transform and Multi-View Hypergraph Neural Networks for Cognitive Distortion Analysis,INTERNATIONAL JOURNAL OF COMPUTATIONAL INTELLIGENCE SYSTEMS,10.1007/s44196-025-01005-0,Article,Web of Science,1,1,0,1,3,Estudio de soporte temático (3/4),Aporte en extracción y validación de documentos comerciales (2025).,[S030]
Cesista F.L.; Aguiar R.; Kim J.; Acilo P.,2024,Retrieval Augmented Structured Generation: Business Document Information Extraction as Tool Use,"Proceedings of the International Conference on Multimedia Information Processing and Retrieval, MIPR",10.1109/mipr62202.2024.00042,Conference paper,Scopus,1,1,0,1,3,Estudio de soporte temático (3/4),Aporte en extracción y validación de documentos comerciales (2024).,[S031]
Baysan M.S.; Kizilay F.; Özmen A.I.; Ince G.,2024,Document Classification and Key Information Extraction Using Multimodal Transformers,UBMK 2024 - Proceedings: 9th International Conference on Computer Science and Engineering,10.1109/ubmk63289.2024.10773451,Conference paper,Scopus,1,1,0,1,3,Estudio de soporte temático (3/4),Aporte en extracción y validación de documentos comerciales (2024).,[S032]
Guo P.; Song Y.; Deng Y.; Xie K.-K.; Xu M.; Liu J.; Ren H.,2024,DCMAI: A Dynamical Cross-Modal Alignment Interaction Framework for Document Key Information Extraction,IEEE Transactions on Circuits and Systems for Video Technology,10.1109/tcsvt.2023.3287296,Article,Scopus,1,1,0,1,3,Estudio de soporte temático (3/4),Aporte en extracción y validación de documentos comerciales (2024).,[S033]
Luo S.; Yu J.,2024,SGFNet: A semantic graph-based multimodal network for financial invoice information extraction,Expert Systems with Applications,10.1016/j.eswa.2024.125156,Article,Scopus,1,1,0,1,3,Estudio de soporte temático (3/4),Aporte en extracción y validación de documentos comerciales (2024).,[S034]
Abdallah A.; Eberharter D.; Pfister Z.; Jatowt A.,2024,A survey of recent approaches to form understanding in scanned documents,Artificial Intelligence Review,10.1007/s10462-024-11000-0,Article,Scopus,1,1,0,1,3,Estudio de soporte temático (3/4),Aporte en extracción y validación de documentos comerciales (2024).,[S035]
Bajrami M.; Ackovska N.; Stojkoska B.; Lameski P.; Zdravevski E.,2024,Deep Dive into Invoice Intelligence: A Benchmark Study of Leading Models for Automated Invoice Data Extraction,Lecture Notes in Networks and Systems,10.1007/978-981-97-3289-0_15,Conference paper,Scopus,1,1,0,1,3,Estudio de soporte temático (3/4),Aporte en extracción y validación de documentos comerciales (2024).,[S036]
"Zhang, HJ; Xia, RY; Ye, H; Shi, DS; Li, P; Fan, WB",2024,Multi-cluster high performance computing method based on multimodal tensor in enterprise resource planning system,PHYSICAL COMMUNICATION,10.1016/j.phycom.2023.102231,Article,Web of Science,1,1,0,0,2,Estudio de soporte temático (2/4),Aporte algorítmico o de evaluación en flujos documentales (2024).,[S037]
Wang Z.; Zhou Y.; Wei W.; Lee C.-Y.; Tata S.,2023,VRDU: A Benchmark for Visually-rich Document Understanding,Proceedings of the ACM SIGKDD International Conference on Knowledge Discovery and Data Mining,10.1145/3580305.3599929,Conference paper,Scopus,1,0,0,1,2,Estudio de soporte temático (2/4),Aporte algorítmico o de evaluación en flujos documentales (2023).,[S038]
Šimsa Š.; Šulc M.; Uřičář M.; Patel Y.; Hamdi A.; Kocián M.; Skalický M.; Matas J.; Doucet A.; Coustaty M.; Karatzas D.,2023,DocILE Benchmark for Document Information Localization and Extraction,Lecture Notes in Computer Science,10.1007/978-3-031-41679-8_9,Conference paper,Scopus,1,1,0,0,2,Estudio de soporte temático (2/4),Aporte algorítmico o de evaluación en flujos documentales (2023).,[S039]
Hamri M.; Devanne M.; Weber J.; Hassenforder M.,2023,Enhancing GNN Feature Modeling for Document Information Extraction Using Transformers,Lecture Notes in Computer Science (including subseries Lecture Notes in Artificial Intelligence and Lecture Notes in Bioinformatics),10.1007/978-3-031-40773-4_2,Conference paper,Scopus,1,0,0,1,2,Estudio de soporte temático (2/4),Aporte algorítmico o de evaluación en flujos documentales (2023).,[S040]
Deng X.; Huang Z.; Ma K.; Chen K.; Guo J.; Qiu W.,2023,GenTC: Generative Transformer via Contrastive Learning for Receipt Information Extraction,Lecture Notes in Computer Science (including subseries Lecture Notes in Artificial Intelligence and Lecture Notes in Bioinformatics),10.1007/978-3-031-44223-0_32,Conference paper,Scopus,1,1,0,0,2,Estudio de soporte temático (2/4),Aporte algorítmico o de evaluación en flujos documentales (2023).,[S041]
Sharma Kafle D.; Thomas E.; Coustaty M.; Joseph A.; Doucet A.; Poulain d’Andecy V.,2023,Subgraph-Induced Extraction Technique for Information (SETI) from Administrative Documents,Lecture Notes in Computer Science,10.1007/978-3-031-41501-2_8,Conference paper,Scopus,1,0,0,1,2,Estudio de soporte temático (2/4),Aporte algorítmico o de evaluación en flujos documentales (2023).,[S042]
Nguyen T.; Doan T.T.; Le K.; Do T.; Ngo T.D.; Le D.-D.,2023,Information Extraction from Rich Text Images with RoBERTa and LION Optimizer,"2023 International Conference on Multimedia Analysis and Pattern Recognition, MAPR 2023 - Proceedings",10.1109/mapr59823.2023.10288832,Conference paper,Scopus,1,1,0,0,2,Estudio de soporte temático (2/4),Aporte algorítmico o de evaluación en flujos documentales (2023).,[S043]
Qiao L.; Li Z.; Cheng Z.; Li X.,2023,SCID：a Chinese characters invoice-scanned dataset in relevant to key information extraction derived of visually-rich document images; [SCID：用于富含视觉信息文档图像中信息提取任务的扫描中文票据数据集],Journal of Image and Graphics,10.11834/jig.220911,Article,Scopus,1,0,0,1,2,Estudio de soporte temático (2/4),Aporte algorítmico o de evaluación en flujos documentales (2023).,[S044]
"Yang, J; Yang, LT; Wang, H; Gao, Y",2023,Multirelational Tensor Graph Attention Networks for Knowledge Fusion in Smart Enterprise Systems,IEEE TRANSACTIONS ON INDUSTRIAL INFORMATICS,10.1109/tii.2022.3190548,Article,Web of Science,1,1,0,0,2,Estudio de soporte temático (2/4),Aporte algorítmico o de evaluación en flujos documentales (2023).,[S045]
Varma O.; Srivastava S.; Gayathri M.,2022,"Technical Invoice Data Extraction System: State of the Art, Research Challenges and Countermeasures",Lecture Notes in Networks and Systems,10.1007/978-981-16-7952-0_19,Conference paper,Scopus,1,0,0,1,2,Estudio de soporte temático (2/4),Aporte algorítmico o de evaluación en flujos documentales (2022).,[S046]
Zhang J.; Wang H.; Luo X.,2022,Dual-VIE: Dual-Level Graph Attention Network for Visual Information Extraction,Lecture Notes in Computer Science (including subseries Lecture Notes in Artificial Intelligence and Lecture Notes in Bioinformatics),10.1007/978-3-031-20862-1_31,Conference paper,Scopus,1,1,0,0,2,Estudio de soporte temático (2/4),Aporte algorítmico o de evaluación en flujos documentales (2022).,[S047]
Oral B.; Eryiğit G.,2022,Fusion of visual representations for multimodal information extraction from unstructured transactional documents,International Journal on Document Analysis and Recognition,10.1007/s10032-022-00399-3,Article,Scopus,1,0,0,1,2,Estudio de soporte temático (2/4),Aporte algorítmico o de evaluación en flujos documentales (2022).,[S048]
Zucker A.; Belkada Y.; Vu H.; Nguyen V.N.,2021,ClusTi: Clustering Method for Table Structure Recognition in Scanned Images,Mobile Networks and Applications,10.1007/s11036-021-01759-9,Article,Scopus,1,1,0,0,2,Estudio de soporte temático (2/4),Aporte algorítmico o de evaluación en flujos documentales (2021).,[S049]
Zhang P.; Xu Y.; Cheng Z.; Pu S.; Lu J.; Qiao L.; Niu Y.; Wu F.,2020,TRIE: End-to-End Text Reading and Information Extraction for Document Understanding,MM 2020 - Proceedings of the 28th ACM International Conference on Multimedia,10.1145/3394171.3413900,Conference paper,Scopus,1,0,0,1,2,Estudio de soporte temático (2/4),Aporte algorítmico o de evaluación en flujos documentales (2020).,[S050]
Mistry R.N.; More N.; Patil S.; Desai C.,2025,Multilingual Signature Verification Using Deep Learning: A Three-Phase Modular Approach,"2025 9th International Conference on Computing, Communication, Control and Automation, ICCCBEA 2025",10.1109/iccubea65967.2025.11283938,Conference paper,Scopus,1,1,0,0,2,Estudio de soporte temático (2/4),Aporte algorítmico o de evaluación en flujos documentales (2025).,[S051]
Kappassova S.; Maratova A.,2025,A Hybrid Mobile-Cloud Architecture for Intelligent Document Processing,Procedia Computer Science,10.1016/j.procs.2025.10.262,Conference paper,Scopus,1,0,0,1,2,Estudio de soporte temático (2/4),Aporte algorítmico o de evaluación en flujos documentales (2025).,[S052]
Serbanescu V.-A.; Dhali M.,2025,Deep Learning for Effective Classification and Information Extraction of Financial Documents,International Conference on Pattern Recognition Applications and Methods,10.5220/0013261000003905,Conference paper,Scopus,1,1,0,0,2,Estudio de soporte temático (2/4),Aporte algorítmico o de evaluación en flujos documentales (2025).,[S053]
Yan Z.; Ye Z.; Ge J.; Qin J.; Liu J.; Cheng Y.; Gurrin C.,2025,DocExtractNet: A novel framework for enhanced information extraction from business documents,Information Processing and Management,10.1016/j.ipm.2024.104046,Article,Scopus,1,0,0,1,2,Estudio de soporte temático (2/4),Aporte algorítmico o de evaluación en flujos documentales (2025).,[S054]
Tran A.C.; Le B.T.; Nguyen H.T.,2025,Efficiency evaluation of filter sizes on graph convolutional neural networks for information extraction from receipts,International Journal of Information Technology (Singapore),10.1007/s41870-024-02089-1,Article,Scopus,1,1,0,0,2,Estudio de soporte temático (2/4),Aporte algorítmico o de evaluación en flujos documentales (2025).,[S055]
"Yesilbas, D; Batbat, T; Altinkaynak, M; Ugurgöl, E; Güven, A; Dolu, N; Demirci, E; Izzetoglu, M",2025,An efficient multimodal electroencephalography and functional near-infrared spectroscopy approach using stroop task to evaluate internet gaming disorder with machine learning methods: A comprehensive study,ENGINEERING APPLICATIONS OF ARTIFICIAL INTELLIGENCE,10.1016/j.engappai.2025.111772,Article,Web of Science,1,0,0,1,2,Estudio de soporte temático (2/4),Aporte algorítmico o de evaluación en flujos documentales (2025).,[S056]
Biescas N.; Boned C.; Lladós J.; Biswas S.,2024,GeoContrastNet: Contrastive Key-Value Edge Learning for Language-Agnostic Document Understanding,Lecture Notes in Computer Science (including subseries Lecture Notes in Artificial Intelligence and Lecture Notes in Bioinformatics),10.1007/978-3-031-70533-5_18,Conference paper,Scopus,1,1,0,0,2,Estudio de soporte temático (2/4),Aporte algorítmico o de evaluación en flujos documentales (2024).,[S057]
Naparstek O.; Azulai O.; Shapira I.; Amrani E.; Yaroker Y.; Burshtein Y.; Pony R.; Rubinstein N.; Dahood F.A.; Prince O.; Friedman I.; Auer C.; Livathinos N.; Lysak M.; Nassar A.; Staar P.; Barzelay U.,2024,KVP10k : A Comprehensive Dataset for Key-Value Pair Extraction in Business Documents,Lecture Notes in Computer Science (including subseries Lecture Notes in Artificial Intelligence and Lecture Notes in Bioinformatics),10.1007/978-3-031-70533-5_7,Conference paper,Scopus,1,0,0,1,2,Estudio de soporte temático (2/4),Aporte algorítmico o de evaluación en flujos documentales (2024).,[S058]
Avei U.I.; Goularas D.; Korkmaz E.E.; Deveci B.,2024,Information Extraction from Scanned Invoice Documents Using Deep Learning Methods,"Proceedings - 13th International Conference on Image Processing Theory, Tools and Applications, IPTA 2024",10.1109/ipta62886.2024.10755641,Conference paper,Scopus,1,1,0,0,2,Estudio de soporte temático (2/4),Aporte algorítmico o de evaluación en flujos documentales (2024).,[S059]
Bhatlawande S.; Srivastava S.; Shilaskar S.,2023,Information Extraction from Digital Receipts and Bank Transactions Using Machine Learning,"2023 International Conference on Integration of Computational Intelligent System, ICICIS 2023",10.1109/icicis56802.2023.10430289,Conference paper,Scopus,1,0,0,1,2,Estudio de soporte temático (2/4),Aporte algorítmico o de evaluación en flujos documentales (2023).,[S060]
Belhadj D.; Belaïd A.; Belaïd Y.,2023,Low-Dimensionality Information Extraction Model for Semi-structured Documents,Lecture Notes in Computer Science (including subseries Lecture Notes in Artificial Intelligence and Lecture Notes in Bioinformatics),10.1007/978-3-031-44237-7_8,Conference paper,Scopus,1,1,0,0,2,Estudio de soporte temático (2/4),Aporte algorítmico o de evaluación en flujos documentales (2023).,[S061]
Pawłowski P.; Bazan M.; Pawełczyk M.; Marchwiany M.E.,2023,Tabular Structures Detection on Scanned VAT Invoices,Lecture Notes in Networks and Systems,10.1007/978-3-031-37720-4_19,Conference paper,Scopus,1,0,0,1,2,Estudio de soporte temático (2/4),Aporte algorítmico o de evaluación en flujos documentales (2023).,[S062]
Krieger F.; Drews P.; Funk B.,2023,Automated invoice processing: Machine learning-based information extraction for long tail suppliers,Intelligent Systems with Applications,10.1016/j.iswa.2023.200285,Article,Scopus,1,1,0,0,2,Estudio de soporte temático (2/4),Aporte algorítmico o de evaluación en flujos documentales (2023).,[S063]
Douzon T.; Duffner S.; Garcia C.; Espinas J.,2022,Improving Information Extraction on Business Documents with Specific Pre-training Tasks,Lecture Notes in Computer Science (including subseries Lecture Notes in Artificial Intelligence and Lecture Notes in Bioinformatics) ,10.1007/978-3-031-06555-2_8,Conference paper,Scopus,1,0,0,1,2,Estudio de soporte temático (2/4),Aporte algorítmico o de evaluación en flujos documentales (2022).,[S064]
Mungmeeprued T.; Ma Y.; Mehta N.; Lipani A.,2022,Tab this Folder of Documents: Page Stream Segmentation of Business Documents,DocEng 2022 - Proceedings of the 2022 ACM Symposium on Document Engineering,10.1145/3558100.3563852,Conference paper,Scopus,1,1,0,0,2,Estudio de soporte temático (2/4),Aporte algorítmico o de evaluación en flujos documentales (2022).,[S065]
Riba P.; Goldmann L.; Terrades O.R.; Rusticus D.; Fornés A.; Lladós J.,2022,Table detection in business document images by message passing networks,Pattern Recognition,10.1016/j.patcog.2022.108641,Article,Scopus,1,0,0,1,2,Estudio de soporte temático (2/4),Aporte algorítmico o de evaluación en flujos documentales (2022).,[S066]
Krieger F.; Drews P.; Funk B.; Wobbe T.,2021,Information Extraction from Invoices: A Graph Neural Network Approach for Datasets with High Layout Variety,Lecture Notes in Information Systems and Organisation,10.1007/978-3-030-86797-3_1,Conference paper,Scopus,1,1,0,0,2,Estudio de soporte temático (2/4),Aporte algorítmico o de evaluación en flujos documentales (2021).,[S067]
"Habelt, B; Wirth, C; Afanasenkau, D; Mihaylova, L; Winter, C; Arvaneh, M; Minev, IR; Bernhardt, N",2021,"A Multimodal Neuroprosthetic Interface to Record, Modulate and Classify Electrophysiological Biomarkers Relevant to Neuropsychiatric Disorders",FRONTIERS IN BIOENGINEERING AND BIOTECHNOLOGY,10.3389/fbioe.2021.770274,Article,Web of Science,1,0,0,1,2,Estudio de soporte temático (2/4),Aporte algorítmico o de evaluación en flujos documentales (2021).,[S068]
He Z.; Zhang C.; Wu Z.; Chen Z.; Zhan Y.; Li Y.; Zhang Z.; Wang X.; Qiu M.,2025,Seeing is Believing? Mitigating OCR Hallucinations in Multimodal Large Language Models,Advances in Neural Information Processing Systems,,Conference paper,Scopus,1,1,0,0,2,Estudio de soporte temático (2/4),Aporte algorítmico o de evaluación en flujos documentales (2025).,[S069]
Rombach A.M.; Lahann J.; Niesen T.; Fettke P.,2025,Utilizing Deep Learning for Field-Level Information Extraction from German Real Estate Tax Notices,Journal of Emerging Technologies in Accounting,10.2308/jeta-2023-028,Article,Scopus,1,0,0,1,2,Estudio de soporte temático (2/4),Aporte algorítmico o de evaluación en flujos documentales (2025).,[S070]
Son H.H.; Duc Dung N.; Phuong N.T.; Giang Son T.,2025,Improving Table Structure Recognition Based on Content-Based Post-Processing,"2025 International Conference on Multimedia Analysis and Pattern Recognition, MAPR 2025 - Proceedings",10.1109/mapr67746.2025.11133962,Conference paper,Scopus,1,1,0,0,2,Estudio de soporte temático (2/4),Aporte algorítmico o de evaluación en flujos documentales (2025).,[S071]
Rodriguez J.; Jian X.; Panigrahi S.S.; Zhang T.; Feizi A.; Puri A.; Kalkunte A.; Savard F.; Masry A.; Nayak S.; Awal R.; Massoud M.; Abaskohi A.; Li Z.; Wang S.; Noël P.-A.; Richter M.L.; Vadacchino S.; Agarwal S.; Biswas S.; Shanian S.; Zhang Y.; Bolger N.; MacDonald K.; Fauvel S.; Tejaswi S.; Sunkara S.; Monteiro J.; Dvijotham K.D.J.; Scholak T.; Chapados N.; Kharagani S.; Hughes S.; Özsu M.; Reddy S.; Pedersoli M.; Bengio Y.; Pal C.; Laradji I.; Gella S.; Taslakian P.; Vazquez D.; Rajeswar S.,2025,BIGDOCS: AN OPEN DATASET FOR TRAINING MULTIMODAL MODELS ON DOCUMENT AND CODE TASKS,"13th International Conference on Learning Representations, ICLR 2025",,Conference paper,Scopus,1,0,0,1,2,Estudio de soporte temático (2/4),Aporte algorítmico o de evaluación en flujos documentales (2025).,[S072]
"Egwim, CN; Alaka, H; Toriola-Coker, LO; Balogun, H; Ajayi, S; Oseghale, R",2023,Extraction of underlying factors causing construction projects delay in Nigeria,JOURNAL OF ENGINEERING DESIGN AND TECHNOLOGY,10.1108/jedt-04-2021-0211,Article,Web of Science,1,1,0,0,2,Estudio de soporte temático (2/4),Aporte algorítmico o de evaluación en flujos documentales (2023).,[S073]
"Asuah, G; Easin, AM; Orosz, T",2025,Optimizing SAP Machine Learning-based Solutions through Custom API Integration,ACTA CYBERNETICA,10.14232/actacyb.312225,Article,Web of Science,1,0,0,1,2,Estudio de soporte temático (2/4),Aporte algorítmico o de evaluación en flujos documentales (2025).,[S074]
"Yilmaz, AF; Köse, O",2025,Advancing sustainable shipbuilding through a hybrid risk prioritization model: integrating FMEA and machine learning,ENGINEERING SCIENCE AND TECHNOLOGY-AN INTERNATIONAL JOURNAL-JESTECH,10.1016/j.jestch.2025.102158,Article,Web of Science,1,1,0,0,2,Estudio de soporte temático (2/4),Aporte algorítmico o de evaluación en flujos documentales (2025).,[S075]
"Esubalew, SZ; Assefa, BG",2025,Reimagining Unit Test Generation With AI: A Journey From Evolutionary Models to Transformers,IEEE ACCESS,10.1109/access.2025.3597049,Article,Web of Science,1,0,0,1,2,Estudio de soporte temático (2/4),Aporte algorítmico o de evaluación en flujos documentales (2025).,[S076]
"Boone, J; Seyfi, T; Afghah, F",2025,A Joint Reconstruction-Triplet Loss Autoencoder Approach Toward Unseen Attack Detection in IoV Networks,IEEE INTERNET OF THINGS JOURNAL,10.1109/jiot.2025.3576219,Article,Web of Science,1,1,0,0,2,Estudio de soporte temático (2/4),Aporte algorítmico o de evaluación en flujos documentales (2025).,[S077]
"Li, XC; Bianculli, D; Briand, L",2025,Tracing content requirements in financial documents using multi-granularity text analysis,REQUIREMENTS ENGINEERING,10.1007/s00766-025-00436-7,Article,Web of Science,1,0,0,1,2,Estudio de soporte temático (2/4),Aporte algorítmico o de evaluación en flujos documentales (2025).,[S078]
"Mishra, K; Pagare, H; Sharma, K",2025,A hybrid rule-based NLP and machine learning approach for PII detection and anonymization in financial documents,SCIENTIFIC REPORTS,10.1038/s41598-025-04971-9,Article,Web of Science,1,1,0,0,2,Estudio de soporte temático (2/4),Aporte algorítmico o de evaluación en flujos documentales (2025).,[S079]
"Yoldar, MT; Eryigit, R; Cantürk, N",2025,Explainable AI in signature forgery detection,PATTERN RECOGNITION LETTERS,10.1016/j.patrec.2025.10.003,Article,Web of Science,1,0,0,1,2,Estudio de soporte temático (2/4),Aporte algorítmico o de evaluación en flujos documentales (2025).,[S080]
"Erva Ergun, Z; Sefer, E",2025,Financial Statement Fraud Detection via Large Language Models,INTELLIGENT SYSTEMS IN ACCOUNTING FINANCE & MANAGEMENT,10.1002/isaf.70021,Article,Web of Science,1,1,0,0,2,Estudio de soporte temático (2/4),Aporte algorítmico o de evaluación en flujos documentales (2025).,[S081]
"Chinnasamy, P; Subashini, B; Ayyasamy, RK; Kiran, A; Pandey, BK; Pandey, D; Lelisho, ME",2025,Blockchain based electronic educational document management with role-based access control using machine learning model,SCIENTIFIC REPORTS,10.1038/s41598-025-99683-5,Article,Web of Science,1,0,0,1,2,Estudio de soporte temático (2/4),Aporte algorítmico o de evaluación en flujos documentales (2025).,[S082]
"Usman, M; Lin, WY; Lin, YY; Hsieh, ST; Chen, YT; Lo, YC; Lin, CL",2025,Classifying developmental delays with EEG: A comparative study of machine learning and deep learning approaches,BIOCYBERNETICS AND BIOMEDICAL ENGINEERING,10.1016/j.bbe.2025.04.001,Article,Web of Science,1,1,0,0,2,Estudio de soporte temático (2/4),Aporte algorítmico o de evaluación en flujos documentales (2025).,[S083]
"Izhar, R; Cosh, K; Ramingwon, L; Ramingwong, S; Bhatti, SN",2025,An Efficient Methodology for the Categorization of Software Requirements Using Natural Language Processing and Similarity Analysis,IEEE ACCESS,10.1109/access.2025.3568504,Article,Web of Science,1,0,0,1,2,Estudio de soporte temático (2/4),Aporte algorítmico o de evaluación en flujos documentales (2025).,[S084]
"Zuo, ZH; Zhou, ML; Lyu, Z; Fang, YC",2025,Electroencephalogram-Based Familiar and Unfamiliar Face Perception Classification Underlying Event-Related Potential Analysis and Confident Learning,SYMMETRY-BASEL,10.3390/sym17040623,Article,Web of Science,0,1,0,0,1,Estudio de caracterización (1/4),Aporte específico de caracterización contextual o métrica (2025).,[S085]
"Tang, ZY; Luo, XY; Yan, ZJ; Li, SY; Xiao, SJ; Li, H",2025,An Automatic Sample Augmentation Method for Paddy Rice Mapping Based on Segment Anything Model and Phenological Features-A Case Study in Southwest China,IEEE JOURNAL OF SELECTED TOPICS IN APPLIED EARTH OBSERVATIONS AND REMOTE SENSING,10.1109/jstars.2025.3606650,Article,Web of Science,0,0,0,1,1,Estudio de caracterización (1/4),Aporte específico de caracterización contextual o métrica (2025).,[S086]
"Paneru, B; Thapa, B; Paneru, B; Sapkota, SC",2025,EEG right & left voluntary hand movement-based virtual brain-computer interfacing keyboard using hybrid deep learning approach,ADVANCED ENGINEERING INFORMATICS,10.1016/j.aei.2025.103304,Article,Web of Science,1,0,0,0,1,Estudio de caracterización (1/4),Aporte específico de caracterización contextual o métrica (2025).,[S087]
"Al-Nafjan, A; Alahaideb, L; Aldayel, M; Aljumah, H",2025,EEG-Based Authentication Across Various Event-Related Potentials (ERPs),SENSORS,10.3390/s25164962,Article,Web of Science,0,1,0,0,1,Estudio de caracterización (1/4),Aporte específico de caracterización contextual o métrica (2025).,[S088]
"Rehman, A; Lee, MR; Kim, Y; Chae, MS; Mun, S",2025,Machine Learning-Driven XR Interface Using ERP Decoding,ELECTRONICS,10.3390/electronics14193773,Article,Web of Science,0,0,0,1,1,Estudio de caracterización (1/4),Aporte específico de caracterización contextual o métrica (2025).,[S089]
"Ren, C; Wang, C; Li, ZH; Gong, HR; Liu, JL",2025,Integration of Statistical Models and Deep Learning: A CEEMDAN-Based Hybrid Framework for Frequency-Domain Prediction of Polar Motion,EARTH AND SPACE SCIENCE,10.1029/2025ea004555,Article,Web of Science,1,0,0,0,1,Estudio de caracterización (1/4),Aporte específico de caracterización contextual o métrica (2025).,[S090]
"Abaddi, S",2025,A proposed electric/hybrid batteries recycling hub with ERP implementation and simulation,JOURNAL OF SIMULATION,10.1080/17477778.2025.2534661,Article; Early Access,Web of Science,0,1,0,0,1,Estudio de caracterización (1/4),Aporte específico de caracterización contextual o métrica (2025).,[S091]
"Guessoum, S; Belda, S; Modiri, S; Karbon, M; Ferrándiz, JM; Sliwinska-Bronowicz, J; Schuh, H",2025,Joint short-term prediction of polar motion and length of day with multi-task deep learning methods,EARTH PLANETS AND SPACE,10.1186/s40623-025-02150-8,Article,Web of Science,0,0,0,1,1,Estudio de caracterización (1/4),Aporte específico de caracterización contextual o métrica (2025).,[S092]
"Liu, RY; Qin, Y; Ying, YH; Liu, XF; Zhang, HY; Sheng, WG; Zhang, JH; Chen, SY",2025,Distortion-Aware Outdoor Panoramic Depth Estimation via Local-Global Fusion,IEEE TRANSACTIONS ON INDUSTRIAL INFORMATICS,10.1109/tii.2025.3588587,Article,Web of Science,1,0,0,0,1,Estudio de caracterización (1/4),Aporte específico de caracterización contextual o métrica (2025).,[S093]
"Agrawal, VK; Bogireddy, SR; Patil, LN; Jadhav, SS; Swami, MR; Shivaji, SH; Bhangade, OD; Jagtap, AS",2025,Enhancing operational efficiency through robotic process automationin e-commerece,SIGMA JOURNAL OF ENGINEERING AND NATURAL SCIENCES-SIGMA MUHENDISLIK VE FEN BILIMLERI DERGISI,10.14744/sigma.2025.00118,Article,Web of Science,0,1,0,0,1,Estudio de caracterización (1/4),Aporte específico de caracterización contextual o métrica (2025).,[S094]
"Zelger, P; Arnold, M; Rossi, S; Seebacher, J; Muigg, F; Graf, S; Rodríguez-Sánchez, A",2025,Beyond averaging: A transformer approach to decoding event related brain potentials,NEUROIMAGE,10.1016/j.neuroimage.2025.121049,Article,Web of Science,0,0,0,1,1,Estudio de caracterización (1/4),Aporte específico de caracterización contextual o métrica (2025).,[S095]
"Machado, R; Barros, LAM; Vieira, V; da Silva, FD; Costa, H; Carvalho, V",2025,Textile Defect Detection Using Artificial Intelligence and Computer Vision-A Preliminary Deep Learning Approach,ELECTRONICS,10.3390/electronics14183692,Article,Web of Science,1,0,0,0,1,Estudio de caracterización (1/4),Aporte específico de caracterización contextual o métrica (2025).,[S096]
"Chawalitanont, A; Bashyal, A; Wicaksono, H",2025,Uncertainty-aware power consumption prediction in customized stainless-steel manufacturing: A comparative study of hierarchical Bayesian and deep neural models,JOURNAL OF MANUFACTURING SYSTEMS,10.1016/j.jmsy.2025.10.010,Article,Web of Science,0,1,0,0,1,Estudio de caracterización (1/4),Aporte específico de caracterización contextual o métrica (2025).,[S097]
"Bakhtiyarov, B; Jabiyeva, A; Khudaverdiyeva, M",2025,Enhanced Super SCADA Architecture with Integrated Predictive Analytics for Spiral Steel Pipe Manufacturing,JOURNAL OF ENGINEERING SCIENCES-UKRAINE,10.21272/jes.2025.12(2).b1,Article,Web of Science,0,0,0,1,1,Estudio de caracterización (1/4),Aporte específico de caracterización contextual o métrica (2025).,[S098]
"Kodadi, S; Dondapati, K; Deevi, DP; Chetlapalli, H; Allur, NS; Perumal, T",2025,Optimizing Supply Chain Finance with XGBOOST and Merkle Tree Blockchain,INTERNATIONAL JOURNAL OF INNOVATION AND TECHNOLOGY MANAGEMENT,10.1142/s0219877025400061,Article,Web of Science,1,0,0,0,1,Estudio de caracterización (1/4),Aporte específico de caracterización contextual o métrica (2025).,[S099]
"Odei-Lartey, EO; Gyaase, S; Asamoah, D; Gyan, T; Asante, KP; Asante, M",2025,Advancing Knowledge on Machine Learning Algorithms for Predicting Childhood Vaccination Defaulters in Ghana: A Comparative Performance Analysis,APPLIED SCIENCES-BASEL,10.3390/app15158198,Article,Web of Science,0,1,0,0,1,Estudio de caracterización (1/4),Aporte específico de caracterización contextual o métrica (2025).,[S100]
"Alsamri, J; Alamgeer, M; Alamri, MZ; Ghaleb, M; Asklany, SA; Almansour, H; Alsafari, S; Alghamdi, EA",2025,Longitudinal EEG-based assessment of neuroplasticity and adaptive responses to transcranial focused ultrasound stimulation,JOURNAL OF NEUROSCIENCE METHODS,10.1016/j.jneumeth.2025.110521,Article,Web of Science,0,0,0,1,1,Estudio de caracterización (1/4),Aporte específico de caracterización contextual o métrica (2025).,[S101]
"Song, YX; Huang, YC; Zheng, QH; Yang, XQ; Guo, Y; Geng, YN; Gou, HX; Bu, JJ; Jia, TY; Zhou, GD; Lu, L; Shi, J; Sun, Y",2025,Effects of cue-synchronized parietal cathodal tDCS on internet gaming disorder: A randomized double-blind sham-controlled trial,BRAIN STIMULATION,10.1016/j.brs.2025.10.025,Article,Web of Science,1,0,0,0,1,Estudio de caracterización (1/4),Aporte específico de caracterización contextual o métrica (2025).,[S102]
"Lin, YM; Hasan, M; Kosalge, R; Cheung, A; Parameswaran, AG",2025,Visual Template Inference for Data Extraction from Documents,PROCEEDINGS OF THE ACM ON MANAGEMENT OF DATA,10.1145/3769840,Article,Web of Science,0,1,0,0,1,Estudio de caracterización (1/4),Aporte específico de caracterización contextual o métrica (2025).,[S103]
"Nandanwar, H; Katarya, R",2024,Deep learning enabled intrusion detection system for Industrial IOT environment,EXPERT SYSTEMS WITH APPLICATIONS,10.1016/j.eswa.2024.123808,Article,Web of Science,0,0,0,1,1,Estudio de caracterización (1/4),Aporte específico de caracterización contextual o métrica (2024).,[S104]
"Arslan, H; Isik, YE; Görmez, Y",2024,A deep learning-based solution for digitization of invoice images with automatic invoice generation and labelling,INTERNATIONAL JOURNAL ON DOCUMENT ANALYSIS AND RECOGNITION,10.1007/s10032-023-00449-4,Article,Web of Science,1,0,0,0,1,Estudio de caracterización (1/4),Aporte específico de caracterización contextual o métrica (2024).,[S105]
"Saifullah, S; Agne, S; Dengel, A; Ahmed, S",2024,DocXclassifier: towards a robust and interpretable deep neural network for document image classification,INTERNATIONAL JOURNAL ON DOCUMENT ANALYSIS AND RECOGNITION,10.1007/s10032-024-00483-w,Article,Web of Science,0,1,0,0,1,Estudio de caracterización (1/4),Aporte específico de caracterización contextual o métrica (2024).,[S106]
"Zhang, LS",2024,Deep Learning-Based Optimization of Cloud Enterprise Resource Planning (ERP) Systems for Adaptive Decision Support and Management Effectiveness Analysis,IEEE ACCESS,10.1109/access.2024.3514879,Article,Web of Science,0,0,0,1,1,Estudio de caracterización (1/4),Aporte específico de caracterización contextual o métrica (2024).,[S107]
"Tian, XD; Zhu, LK; Zhang, MX; Wang, SL; Lu, Y; Xu, XL; Jia, WK; Zheng, YJ; Song, ST",2024,Social anxiety prediction based on ERP features: A deep learning approach,JOURNAL OF AFFECTIVE DISORDERS,10.1016/j.jad.2024.09.006,Article,Web of Science,1,0,0,0,1,Estudio de caracterización (1/4),Aporte específico de caracterización contextual o métrica (2024).,[S108]
"Erol, B; Inkaya, T",2024,Long short-term memory network based deep transfer learning approach for sales forecasting,JOURNAL OF THE FACULTY OF ENGINEERING AND ARCHITECTURE OF GAZI UNIVERSITY,10.17341/gazimmfd.1089173,Article,Web of Science,0,1,0,0,1,Estudio de caracterización (1/4),Aporte específico de caracterización contextual o métrica (2024).,[S109]
"Tülay, EE; Balli, T",2024,Decoding Functional Brain Data for Emotion Recognition: A Machine Learning Approach,ACM TRANSACTIONS ON APPLIED PERCEPTION,10.1145/3657638,Article,Web of Science,0,0,0,1,1,Estudio de caracterización (1/4),Aporte específico de caracterización contextual o métrica (2024).,[S110]
