idx,source_db,title,doi,matched_to_db,matched_to_title,reason
359,Scopus,Attention-Based Graph Neural Network with Global Context Awareness for Document Understanding,10.1007/978-3-030-63031-7_4,Scopus,Attention-Based Graph Neural Network with Global Context Awareness for Document Understanding,Duplicate Title: attention based graph neural network wit...
425,Scopus,Populating legal ontologies using semantic role labeling,,Scopus,Populating legal ontologies using semantic role labeling,Duplicate Title: populating legal ontologies using semant...
488,Web of Science,Anonymization of German financial documents using neural network-based language models with contextual word representations,10.1007/s41060-021-00285-x,Scopus,Anonymization of German financial documents using neural network-based language models with contextual word representations,Duplicate DOI: 10.1007/s41060-021-00285-x
492,Web of Science,Streamlining Tax and Administrative Document Management with AI-Powered Intelligent Document Management System,10.3390/info15080461,Scopus,Streamlining Tax and Administrative Document Management with AI-Powered Intelligent Document Management System,Duplicate DOI: 10.3390/info15080461
493,Web of Science,Software Performance Optimization for Classification and Linking of Administrative Documents,10.1134/s0361768824700324,Scopus,Software Performance Optimization for Classification and Linking of Administrative Documents,Duplicate DOI: 10.1134/s0361768824700324
494,Web of Science,Table detection in business document images by message passing networks,10.1016/j.patcog.2022.108641,Scopus,Table detection in business document images by message passing networks,Duplicate DOI: 10.1016/j.patcog.2022.108641
495,Web of Science,A Framework for Understanding Unstructured Financial Documents Using RPA and Multimodal Approach,10.3390/electronics12040939,Scopus,A Framework for Understanding Unstructured Financial Documents Using RPA and Multimodal Approach,Duplicate DOI: 10.3390/electronics12040939
499,Web of Science,METHOD FOR ANALYZING THE STRUCTURE OF NOISY IMAGES OF ADMINISTRATIVE DOCUMENTS,10.14529/mmp210401,Scopus,METHOD FOR ANALYZING THE STRUCTURE OF NOISY IMAGES OF ADMINISTRATIVE DOCUMENTS; [МЕТОД АНАЛИЗА СТРУКТУРЫ ЗАШУМЛЕННЫХ ОБРАЗОВ ДЕЛОВЫХ ДОКУМЕНТОВ],Duplicate Title: method for analyzing the structure of no...
501,Web of Science,Gain more with less: Extracting information from business documents with small data,10.1016/j.eswa.2022.119274,Scopus,Gain more with less: Extracting information from business documents with small data,Duplicate DOI: 10.1016/j.eswa.2022.119274
503,Web of Science,"Cnosso, a novel method for business document automation based on open information extraction",10.1016/j.eswa.2023.123038,Scopus,"Cnosso, a novel method for business document automation based on open information extraction",Duplicate DOI: 10.1016/j.eswa.2023.123038
504,Web of Science,Financial fraud identification and economic impact analysis based on machine vision technology,10.1177/14727978251346036,Scopus,Financial fraud identification and economic impact analysis based on machine vision technology,Duplicate DOI: 10.1177/14727978251346036
505,Web of Science,Fin-EMRC: An Efficient Machine Reading Comprehension Framework for Financial Entity-Relation Extraction,10.1109/access.2023.3299880,Scopus,Fin-EMRC: An Efficient Machine Reading Comprehension Framework for Financial Entity-Relation Extraction,Duplicate DOI: 10.1109/access.2023.3299880
506,Web of Science,Computer Vision-Based Framework for Data Extraction From Heterogeneous Financial Tables: A Comprehensive Approach to Unlocking Financial Insights,10.1109/access.2024.3522141,Scopus,Computer Vision-Based Framework for Data Extraction From Heterogeneous Financial Tables: A Comprehensive Approach to Unlocking Financial Insights,Duplicate DOI: 10.1109/access.2024.3522141
507,Web of Science,A Prior Information Enhanced Extraction Framework for Document-level Financial Event Extraction,10.1162/dint_a_00103,Scopus,A prior information enhanced extraction framework for document-level financial event extraction,Duplicate DOI: 10.1162/dint_a_00103
508,Web of Science,Navigating the Landscape of Automated Information Extraction for Financial Fund Prospectuses: Survey and Challenges,,Scopus,Navigating the Landscape of Automated Information Extraction for Financial Fund Prospectuses: Survey and Challenges,Duplicate Title: navigating the landscape of automated in...
509,Web of Science,Fusion of visual representations for multimodal information extraction from unstructured transactional documents,10.1007/s10032-022-00399-3,Scopus,Fusion of visual representations for multimodal information extraction from unstructured transactional documents,Duplicate DOI: 10.1007/s10032-022-00399-3
513,Web of Science,Aligning document layouts extracted with different OCR engines with clustering approach,10.1016/j.eij.2020.12.0041110-8665/,Scopus,Aligning document layouts extracted with different OCR engines with clustering approach,Duplicate Title: aligning document layouts extracted with...
514,Web of Science,A survey of recent approaches to form understanding in scanned documents,10.1007/s10462-024-11000-0,Scopus,A survey of recent approaches to form understanding in scanned documents,Duplicate DOI: 10.1007/s10462-024-11000-0
518,Web of Science,Transformers-based information extraction with limited data for domain-specific business documents,10.1016/j.engappai.2020.104100,Scopus,Transformers-based information extraction with limited data for domain-specific business documents,Duplicate DOI: 10.1016/j.engappai.2020.104100
519,Web of Science,Multi-modal text recognition and encryption in scanned document images,10.1007/s11227-022-04912-7,Scopus,Multi-modal text recognition and encryption in scanned document images,Duplicate DOI: 10.1007/s11227-022-04912-7
522,Web of Science,A Bag-of-Words Approach for Information Extraction from Electricity Invoices,10.3390/ai5040091,Scopus,A Bag-of-Words Approach for Information Extraction from Electricity Invoices,Duplicate DOI: 10.3390/ai5040091
526,Web of Science,Configurable Customized Information Extraction and Processing Pipeline,10.1142/s0218001424590122,Scopus,Configurable Customized Information Extraction and Processing Pipeline,Duplicate DOI: 10.1142/s0218001424590122
528,Web of Science,DocExtractNet: A novel framework for enhanced information extraction from business documents,10.1016/j.ipm.2024.104046,Scopus,DocExtractNet: A novel framework for enhanced information extraction from business documents,Duplicate DOI: 10.1016/j.ipm.2024.104046
530,Web of Science,Receipt Recognition Technology Driven by Multimodal Alignment and Lightweight Sequence Modeling,10.3390/electronics14091717,Scopus,Receipt Recognition Technology Driven by Multimodal Alignment and Lightweight Sequence Modeling,Duplicate DOI: 10.3390/electronics14091717
535,Web of Science,MULDT: Multilingual Ultra-Lightweight Document Text Detection for Embedded Devices,10.1109/access.2024.3474616,Scopus,MULDT: Multilingual Ultra-Lightweight Document Text Detection for Embedded Devices,Duplicate DOI: 10.1109/access.2024.3474616
537,Web of Science,"Smart Money, Greener Future: AI-Enhanced English Financial Text Processing for ESG Investment Decisions",10.3390/su17156971,Scopus,"Smart Money, Greener Future: AI-Enhanced English Financial Text Processing for ESG Investment Decisions",Duplicate DOI: 10.3390/su17156971
539,Web of Science,Learning from similarity and information extraction from structured documents,10.1007/s10032-021-00375-3,Scopus,Learning from similarity and information extraction from structured documents,Duplicate DOI: 10.1007/s10032-021-00375-3
540,Web of Science,Learning from similarity and information extraction from structured documents,10.1007/s10032-021-00175-3,Scopus,Learning from similarity and information extraction from structured documents,Duplicate Title: learning from similarity and information...
541,Web of Science,Digitizing and parsing semi-structured historical administrative documents from the GI Bill mortgage guarantee program,10.1108/jd-03-2023-0055,Scopus,Digitizing and parsing semi-structured historical administrative documents from the G.I. Bill mortgage guarantee program,Duplicate DOI: 10.1108/jd-03-2023-0055
543,Web of Science,Utilizing Deep Learning for Field-Level Information Extraction from German Real Estate Tax Notices,10.2308/jeta-2023-028,Scopus,Utilizing Deep Learning for Field-Level Information Extraction from German Real Estate Tax Notices,Duplicate DOI: 10.2308/jeta-2023-028
545,Web of Science,Glean: Structured Extractions from Templatic Documents,10.14778/3447689.3447703,Scopus,Glean: Structured extractions from templatic documents,Duplicate DOI: 10.14778/3447689.3447703
547,Web of Science,An OCR Engine for Printed Receipt Images using Deep Learning Techniques,,Scopus,An OCR Engine for Printed Receipt Images using Deep Learning Techniques,Duplicate Title: an ocr engine for printed receipt images...
548,Web of Science,Information extraction for different layouts of invoice images,10.1080/13682199.2022.2157367,Scopus,Information extraction for different layouts of invoice images,Duplicate DOI: 10.1080/13682199.2022.2157367
549,Web of Science,Tokengrid: Toward More Efficient Data Extraction From Unstructured Documents,10.1109/access.2022.3164674,Scopus,Tokengrid: Toward More Efficient Data Extraction From Unstructured Documents,Duplicate DOI: 10.1109/access.2022.3164674
550,Web of Science,An Overview of Data Extraction From Invoices,10.1109/access.2024.3360528,Scopus,An Overview of Data Extraction from Invoices,Duplicate DOI: 10.1109/access.2024.3360528
551,Web of Science,LMGDoc: Light Multigranular GNN for Efficient Document Understanding,10.1109/access.2025.3568628,Scopus,LMGDoc: Light Multigranular GNN for Efficient Document Understanding,Duplicate DOI: 10.1109/access.2025.3568628
552,Web of Science,Efficient Text Bounding Box Identification Using Mask R-CNN: Case of Thai Documents,10.1109/access.2024.3383911,Scopus,Efficient Text Bounding Box Identification Using Mask R-CNN: Case of Thai Documents,Duplicate DOI: 10.1109/access.2024.3383911
553,Web of Science,A CCD based machine vision system for real-time text detection,10.1007/s12200-019-0854-0,Scopus,A CCD based machine vision system for real-time text detection,Duplicate DOI: 10.1007/s12200-019-0854-0
554,Web of Science,Evaluation of Prompt Engineering on the Performance of a Large Language Model in Document Information Extraction,10.3390/electronics14112145,Scopus,Evaluation of Prompt Engineering on the Performance of a Large Language Model in Document Information Extraction,Duplicate DOI: 10.3390/electronics14112145
555,Web of Science,"Applicability of OCR Engines for Text Recognition in Vehicle Number Plates, Receipts and Handwriting",10.1142/s0218126623503218,Scopus,"Applicability of OCR Engines for Text Recognition in Vehicle Number Plates, Receipts and Handwriting",Duplicate DOI: 10.1142/s0218126623503218
556,Web of Science,End to End Invoice Processing Application Based on Key Fields Extraction,10.1109/access.2022.3192828,Scopus,End to End Invoice Processing Application Based on Key Fields Extraction,Duplicate DOI: 10.1109/access.2022.3192828
557,Web of Science,Customized Information Extraction and Processing Pipeline for Commercial Invoices,10.1142/s0218001423540137,Scopus,Customized Information Extraction and Processing Pipeline for Commercial Invoices,Duplicate DOI: 10.1142/s0218001423540137
559,Web of Science,DEVELOPMENT OF DOCUMENT CLASSIFICATION MODELS IN MINING USING NLP,,Web of Science,DEVELOPMENT OF DOCUMENT CLASSIFICATION MODELS IN MINING USING NLP,Duplicate Title: development of document classification m...
560,Web of Science,Recurrent Convolutional Neural Network MSER-Based Approach for Payable Document Processing,10.32604/cmc.2021.018724,Scopus,Recurrent convolutional neural network MSER-based approach for payable document processing,Duplicate DOI: 10.32604/cmc.2021.018724
561,Web of Science,Unpaired document image denoising for OCR using BiLSTM enhanced CycleGAN,10.1007/s10032-024-00499-2,Scopus,Unpaired document image denoising for OCR using BiLSTM enhanced CycleGAN,Duplicate DOI: 10.1007/s10032-024-00499-2
562,Web of Science,Intelligent automation of invoice parsing using computer vision techniques,10.1007/s11042-022-12916-x,Scopus,Intelligent automation of invoice parsing using computer vision techniques,Duplicate DOI: 10.1007/s11042-022-12916-x
563,Web of Science,The Use of Blockchain Technology and OCR in E-Government for Document Management: Inbound Invoice Management as an Example,10.3390/app13148463,Scopus,The Use of Blockchain Technology and OCR in E-Government for Document Management: Inbound Invoice Management as an Example,Duplicate DOI: 10.3390/app13148463
564,Web of Science,Discovering Trends in the Digitalization of Shipping: An Exploratory Study into Trends Using Natural Language Processing,10.3390/jmse12040618,Scopus,Discovering Trends in the Digitalization of Shipping: An Exploratory Study into Trends Using Natural Language Processing,Duplicate DOI: 10.3390/jmse12040618
566,Web of Science,IIRM: Intelligent Information Retrieval Model for Structured Documents by One-Shot Training Using Computer Vision,10.1007/s13369-022-06735-3,Scopus,IIRM: Intelligent Information Retrieval Model for Structured Documents by One-Shot Training Using Computer Vision,Duplicate DOI: 10.1007/s13369-022-06735-3
569,Web of Science,All-content text recognition method for financial ticket images,10.1007/s11042-022-12741-2,Scopus,All-content text recognition method for financial ticket images,Duplicate DOI: 10.1007/s11042-022-12741-2
572,Web of Science,SRRNet: A Transformer Structure With Adaptive 2-D Spatial Attention Mechanism for Cell Phone-Captured Shopping Receipt Recognition,10.1109/tce.2022.3229438,Scopus,SRRNet: A Transformer Structure with Adaptive 2-D Spatial Attention Mechanism for Cell Phone-Captured Shopping Receipt Recognition,Duplicate DOI: 10.1109/tce.2022.3229438
573,Web of Science,Receipt Information Extraction with Joint Multi-Modal Transformer and Rule-Based Model,10.3390/make7040167,Scopus,Receipt Information Extraction with Joint Multi-Modal Transformer and Rule-Based Model,Duplicate DOI: 10.3390/make7040167
575,Web of Science,Information Extraction from Text Intensive and Visually Rich Banking Documents,10.1016/j.ipm.2020.102361,Scopus,Information Extraction from Text Intensive and Visually Rich Banking Documents,Duplicate DOI: 10.1016/j.ipm.2020.102361
578,Web of Science,Denoising Letter Images from Scanned Invoices Using Stacked Autoencoders,10.32604/cmc.2022.022458,Scopus,Denoising letter images from scanned invoices using stacked autoencoders,Duplicate DOI: 10.32604/cmc.2022.022458
582,Web of Science,Information extraction from Visually Rich Documents using graph convolutional network,10.3233/jifs-230204,Scopus,Information extraction from Visually Rich Documents using graph convolutional network,Duplicate DOI: 10.3233/jifs-230204
591,Web of Science,The Future of Accounting: How Will Digital Transformation Impact the Sector?,10.3390/informatics9010019,Scopus,The Future of Accounting: How Will Digital Transformation Impact the Sector?,Duplicate DOI: 10.3390/informatics9010019
603,Web of Science,Business insights using RAG-LLMs: a review and case study,10.1080/12460125.2024.2410040,Scopus,Business insights using RAG–LLMs: a review and case study,Duplicate DOI: 10.1080/12460125.2024.2410040
605,Web of Science,Automated invoice processing: Machine learning-based information extraction for long tail suppliers,10.1016/j.iswa.2023.200285,Scopus,Automated invoice processing: Machine learning-based information extraction for long tail suppliers,Duplicate DOI: 10.1016/j.iswa.2023.200285
606,Web of Science,FoodScan: Food Monitoring App by Scanning the Groceries Receipts,10.1109/access.2020.3046031,Scopus,FoodScan: Food Monitoring App by Scanning the Groceries Receipts,Duplicate DOI: 10.1109/access.2020.3046031
610,Web of Science,Automatic Recognition of Financial Instruments Based on Anisotropic Partial Differential Equations,10.1155/2021/6529859,Scopus,Automatic Recognition of Financial Instruments Based on Anisotropic Partial Differential Equations,Duplicate DOI: 10.1155/2021/6529859
611,Web of Science,Document Classification Using Lightweight Neural Network,10.53106/160792642023122407012,Scopus,Document Classification Using Lightweight Neural Network,Duplicate DOI: 10.53106/160792642023122407012
614,Web of Science,ClusTi: Clustering Method for Table Structure Recognition in Scanned Images,10.1007/s11036-021-01759-9,Scopus,ClusTi: Clustering Method for Table Structure Recognition in Scanned Images,Duplicate DOI: 10.1007/s11036-021-01759-9
615,Web of Science,Information extraction from scanned invoice images using text analysis and layout features,10.1016/j.image.2021.116601,Scopus,Information extraction from scanned invoice images using text analysis and layout features,Duplicate DOI: 10.1016/j.image.2021.116601
618,Web of Science,Automatic Classification of Scanned Electronic University Documents using Deep Neural Networks with Conv2D Layers,,Scopus,Automatic Classification of Scanned Electronic University Documents using Deep Neural Networks with Conv2D Layers,Duplicate Title: automatic classification of scanned elec...
619,Web of Science,Bi-VLDoc: bidirectional vision-language modeling for visually-rich document understanding,10.1007/s10032-025-00518-w,Scopus,Bi-VLDoc: bidirectional vision-language modeling for visually-rich document understanding,Duplicate DOI: 10.1007/s10032-025-00518-w
621,Web of Science,DCMAI: A Dynamical Cross-Modal Alignment Interaction Framework for Document Key Information Extraction,10.1109/tcsvt.2023.3287296,Scopus,DCMAI: A Dynamical Cross-Modal Alignment Interaction Framework for Document Key Information Extraction,Duplicate DOI: 10.1109/tcsvt.2023.3287296
628,Web of Science,A spatial-temporal linear feature learning algorithm for P300-based brain-computer interfaces,10.1016/j.heliyon.2023.e15380,Scopus,A spatial-temporal linear feature learning algorithm for P300-based brain-computer interfaces,Duplicate DOI: 10.1016/j.heliyon.2023.e15380
640,Web of Science,Multi-Layout Invoice Document Dataset (MIDD): A Dataset for Named Entity Recognition,10.3390/data6070078,Scopus,Multi-layout invoice document dataset (Midd): A dataset for named entity recognition,Duplicate DOI: 10.3390/data6070078
647,Web of Science,SGFNet: A semantic graph-based multimodal network for financial invoice information extraction,10.1016/j.eswa.2024.125156,Scopus,SGFNet: A semantic graph-based multimodal network for financial invoice information extraction,Duplicate DOI: 10.1016/j.eswa.2024.125156
666,Web of Science,Text visualization for construction document information management,10.1016/j.autcon.2019.103048,Scopus,Text visualization for construction document information management,Duplicate DOI: 10.1016/j.autcon.2019.103048
669,Web of Science,Populating legal ontologies using semantic role labeling,10.1007/s10506-020-09271-3,Scopus,Populating legal ontologies using semantic role labeling,Duplicate DOI: 10.1007/s10506-020-09271-3
678,Web of Science,Retrieval-augmented visual parcel invoice understanding transformer for address correction,10.1016/j.engappai.2025.111542,Scopus,Retrieval-augmented visual parcel invoice understanding transformer for address correction,Duplicate DOI: 10.1016/j.engappai.2025.111542
717,Web of Science,A Structured Recognition Method for Invoices Based on StrucTexT Model,10.3390/app13126946,Scopus,A Structured Recognition Method for Invoices Based on StrucTexT Model,Duplicate DOI: 10.3390/app13126946
761,Web of Science,Neurosymbolic Information Extraction from Transactional Documents,10.1007/s10032-025-00530-0,Scopus,Neurosymbolic Information Extraction from Transactional Documents,Duplicate DOI: 10.1007/s10032-025-00530-0
768,Web of Science,Machine learning-powered automation for real estate document processing: a case study,10.1108/jerer-05-2023-0015,Scopus,Machine learning-powered automation for real estate document processing: a case study,Duplicate DOI: 10.1108/jerer-05-2023-0015
787,Web of Science,Prediction of mild cognitive impairment using EEG signal and BiLSTM network,10.1088/2632-2153/ad38fe,Scopus,Prediction of mild cognitive impairment using EEG signal and BiLSTM network,Duplicate DOI: 10.1088/2632-2153/ad38fe
819,Web of Science,Who said what? The effects of speech tempo on target detection and information extraction in a multi-talker situation: An ERP and functional connectivity study,10.1111/psyp.13747,Scopus,Who said what? The effects of speech tempo on target detection and information extraction in a multi-talker situation: An ERP and functional connectivity study,Duplicate DOI: 10.1111/psyp.13747
824,Web of Science,Multimodal weighted graph representation for information extraction from visually rich documents,10.1016/j.neucom.2023.127223,Scopus,Multimodal weighted graph representation for information extraction from visually rich documents,Duplicate DOI: 10.1016/j.neucom.2023.127223
832,Web of Science,Multimodal Pre-Training Based on Graph Attention Network for Document Understanding,10.1109/tmm.2022.3214102,Scopus,Multimodal Pre-Training Based on Graph Attention Network for Document Understanding,Duplicate DOI: 10.1109/tmm.2022.3214102
876,Web of Science,Structured Cluster Detection from Local Feature Learning for Text Region Extraction,10.3390/e25040658,Scopus,Structured Cluster Detection from Local Feature Learning for Text Region Extraction,Duplicate DOI: 10.3390/e25040658
878,Web of Science,Multi-Layout Unstructured Invoice Documents Dataset: A Dataset for Template-Free Invoice Processing and Its Evaluation Using AI Approaches,10.1109/access.2021.3096739,Scopus,Multi-Layout Unstructured Invoice Documents Dataset: A Dataset for Template-Free Invoice Processing and Its Evaluation Using AI Approaches,Duplicate DOI: 10.1109/access.2021.3096739
909,Web of Science,Document Information Extraction: An Analysis of Invoice Anatomy,10.1155/2024/7599415,Scopus,Document Information Extraction: An Analysis of Invoice Anatomy,Duplicate DOI: 10.1155/2024/7599415
915,Web of Science,EJRSNet: A joint mechanism network for object detection with efficient receiving and sending of hierarchical feature information,10.1016/j.eswa.2024.126375,Scopus,EJRSNet: A joint mechanism network for object detection with efficient receiving and sending of hierarchical feature information,Duplicate DOI: 10.1016/j.eswa.2024.126375
923,Web of Science,Context-modulating effect on processing scientific metaphors: Evidence from ERPs,10.1016/j.bandl.2025.105582,Scopus,Context-modulating effect on processing scientific metaphors: Evidence from ERPs,Duplicate DOI: 10.1016/j.bandl.2025.105582
925,Web of Science,Information extraction from multi-layout invoice images using FATURA dataset,10.1016/j.engappai.2025.110478,Scopus,Information extraction from multi-layout invoice images using FATURA dataset,Duplicate DOI: 10.1016/j.engappai.2025.110478
